Fake_Data,Original_Data
Marc Le Legros,Eric PEIFFER
[DATE_TIME_93AA],57070
"rue Delahaye, 14657 Hubert",FRANCE
"64, chemin David Lombard, 45100 Mathieu",Londres
Marianne Perez,Cher Monsieur PEIFFER
"chemin de Germain, 74968 Dos Santos-sur-Mer",Uni
Dorothée Guyon-Launay,internationaux
Louis Aubry,juridiques disponibles ainsi que les conséquences fiscales de l’implantation d’une société
Hélène Rivière,juridiques
Rémy Gonzalez,Dubaï
"chemin de Garcia, 03791 Ruiz",Hong Kong
Christelle du Daniel,Maurice
Honoré Fernandez,Singapour
Gilles Denis,Dubaï comme lieu
Olivie Roche,Ras Al-Khaimah et Fujaïrah
Emmanuel Barbier de la Boutin,Al-Qaiwain
"27, chemin de Bouvier, 15603 Saint Éléonoreboeuf",Ajman
"57, chemin Virginie Barbe, 56332 Piresdan",Sharjah
"881, chemin Lucas, 67124 Bourgeoisboeuf",Dubaï
"92, rue Marcel Gros, 54410 Brun-sur-Fouquet",Abou Dhabi
Benoît-Guillaume Baudry,Les Émirats
Gabriel du Leblanc,les activités commerciales exercées à partir de l’un des Émirats ne
Benoît Mace-Carre,Les Émirats Arabes Unis
[NRP_DB16],Iles Caïmans
Victor Riou-Gauthier,La TVA est en vigueur dans les
Adrien Ferrand,activités bancaires
[DATE_TIME_4EED],février 2017
Aurore Hardy,transmettre annuellement l’intégralité des informations en sa
"42, rue de Lamy, 69452 Saint Frédéric",Hong Kong
"11, chemin Thibault Gilles, 10145 Sainte Thibault",Hong Kong
"68, rue de Courtois, 50111 Leconte-sur-Mer",Hong Kong
Andrée-Adélaïde Martin,pas soumis
Grégoire Da Costa,Dividendes
"162, avenue Laroche, 20737 LamyVille",Hong Kong
"813, rue Jacquet, 19680 Peltier",nombre de
"9, boulevard Céline Ruiz, 53897 Fernandes",Hong Kong
Paul Schmitt,pas soumis au contrôle des
"21, chemin Arthur Texier, 90555 Laurent",Hong Kong
"832, rue Gaudin, 77470 Saint Philippine-les-Bains",Hong Kong
"434, avenue Laetitia Foucher, 83303 Reynaud-sur-Mer",Hong Kong
"958, boulevard de Bertin, 06913 ReyVille",Hong Kong
Tristan Fabre-Faure,nt le Royaume-Uni
Agnès-Chantal Mary,bilatéraux avec
"76, boulevard de Mathieu, 74253 Diaz",Hong Kong
Denis Thierry,Maurice comme lieu
Julie Boyer,Maurice
Antoinette Lejeune-Lagarde,Ceci s'applique à toutes les associations et autres organismes enregistrés
[DATE_TIME_D4BB],6 millions
[DATE_TIME_1D83],2017
Gabrielle Gillet,Maurice en qualité de primo adoptant de la Convention sur l'assistance
[DATE_TIME_864D],2017
Augustin Simon,Singapour
Adrien Andre Le Besnard,Singapour
Gilles Peltier-Ledoux,Singapour
Alfred Carlier,bancaires
Manon Camus,Ce qui signifie que les établissements
[DATE_TIME_CC54],2017
Jeanne de De Oliveira,Le principe de la TVA
"75, rue de Leleu, 09389 Sainte Dorothée",la loi
Emmanuel Boulay,tel que ce lieu est défini par
Susan Chrétien-Lacombe,se situer
Juliette Raynaud-Pons,comme se
Léon Ollivier,d'apprécier les cas
Joséphine Hebert,mises en œuvre lorsqu'il
Eugène de la Grenier,déterminante
"25, rue Fabre, 48841 Saint Margaret-sur-Mer",La
"840, avenue Suzanne Pages, 97332 Berthelot-sur-Bailly",dans le champ
"2, rue de Goncalves, 33334 Roger-les-Bains",La
[NRP_458C],d'assujetti
Thibaut Raymond,qu'elles ne
[DATE_TIME_4FDE],15 mars 2011
[DATE_TIME_DDE0],17
"119, rue Gaudin, 31586 Saint Tristanboeuf",dans les
"54, boulevard de Lacombe, 86390 Laroche",Règles
Juliette Besnard-Mahe,que celui du lieu
Suzanne Charles,la détermination du lieu
Laurent Barbe,les prestations de transport intracommunautaire
Josette Thomas de la Olivier,les prestations de transport de biens autres que les transports intracommunautaires de biens
Agnès Mahe,les prestations de services
Véronique Olivier,les prestations de
"14, rue Chauveau, 93885 Lebrun-la-Forêt",France
Bernard Thierry,pour les prestations de services
"85, rue Boulanger, 37400 Marionboeuf",France
"80, avenue de Baudry, 64158 Dubois",France
"90, rue Guichard, 44873 Raynaud",sur ce territoire
[NRP_913E],non-UE
Charles Lombard,Elle distingue d'une part les
Victor Allain-Gillet,réputés acceptés
Richard Guillou,Les poids
[DATE_TIME_3271],17 octobre 2005
Richard Langlois,considérées comme de l'or d'investissement
Martin Brunet,eu cours légal dans le
Michèle Michel,jour férié
Martin Barbier de la Allain,JOUE
[DATE_TIME_E70A],14 novembre 2018
Édouard Vasseur,JOUE
[DATE_TIME_9D09],2019
[DATE_TIME_737B],2019
Laurent Besson de la Lebreton,JOUE
[DATE_TIME_A043],2020
Colette-Céline Gomez,considérées comme de l'or d'investissement
Vincent Evrard Le Samson,Principe
Édouard Dias-Jean,bien qu'exonérées
"288, rue Aubry, 17417 Hoarau",la
Colette Lévy,outre la TVA
Louise Leclerc,la taxe afférente
[NRP_D872],Personnes
Caroline Carlier,Modalités d'exercice de l'option
Monique Roger,porter la mention
Jérôme de Raymond,elle est
Thomas Parent-Navarro,La TVA est
"5, avenue Anne De Sousa, 68132 Rousseldan",France
Marie Hoareau de la Jean,de la résidence
Marthe Clément,Elle
"rue Chantal Pereira, 37400 Gérard-sur-Delmas",La
Alex Lefort,Le principe de la
Stéphane Guillon,Elle donne lieu à la
Grégoire Hervé,La retenue à la
Éric-Georges Grégoire,rien ne
André Allain-Simon,Si le débiteur est en
Arnaude Girard-Gilbert,éventuel doit ensuite être remboursé sur présentation des justificatifs exigés
Adèle Bonneau-Bazin,la retenue
Honoré Blanc,Si le débiteur ne possède
[DATE_TIME_AFFD],versement
"54, boulevard Carpentier, 48566 Arnaud",nombre de
Martin-Franck Lamy,ayant bénéficié de cette mesure
[DATE_TIME_115E],cours de l’année N jusqu’au 31 mars de l’année N+1
Geneviève Lefort Le Marty,Si l’attestation de résidence
"849, boulevard Charlotte Jacquet, 77129 Charrier",France
Marine Alexandre,VI- Transfert
[DATE_TIME_BA68],2012
[DATE_TIME_0EEB],2012-1510
"18, rue Louise Teixeira, 18249 Saint Frédéric",La société
"39, boulevard Étienne, 18491 Sainte Jeannec",France
Thibaut Marion-Laroche,passibles de l'impôt sur les sociétés en France
Aurélie Morin,accompagné du transfert d'éléments d'actif
"5, boulevard Laurent Delannoy, 31924 Saint Pierre",Norvège
Marie Lebon Le Auger,l'article 221
"5, chemin Gallet, 21400 Boyer",France
"330, rue de Lecomte, 86811 Gosselin",Le Liechtenstein
[DATE_TIME_1017],16 mars 2010
[DATE_TIME_6DB9],2010/24/UE du Conseil
"61, boulevard de Bonnet, 61964 Sainte WilliamBourg",France
Jules Devaux,La loi ne définit pas le transfert de siège ou d'établissement
Danielle Ledoux,de toute
"23, rue de Carpentier, 03876 ParentBourg",la société
"boulevard de Lemoine, 11913 Sainte Jérômenec",France
Claudine Moreno-Texier,d'aucun transfert d'éléments d'actif
Anaïs-Agnès Leroy,Les
"20, avenue Caroline Diallo, 54752 Da Costa-sur-Mer",alinéa
"rue Lemaître, 41575 Moreno",La
Marianne-Stéphanie Lefèvre,d'une
Anouk Pinto de la Daniel,d'un
Alix Renaud,se pose de savoir si le 
"74, rue de Hoareau, 05766 Perez-la-Forêt",ou le
"238, rue Marchand, 78478 Duhamel",acquitter l'impôt avant la
"994, boulevard de Dupuy, 75853 Toussaint",dans les deux mois
Matthieu Berger-Letellier,L'article 221
"8, rue de Teixeira, 13489 Saint Philippe",la fraction de l'impôt sur les sociétés
[DATE_TIME_7ACC],29-12-2012
[DATE_TIME_0718],2012-1510
Anaïs Leconte,peut être
Alice Salmon,autre qu'un
Victoire Vasseur,deux objectifs
[DATE_TIME_36E4],30 novembre 2011
[DATE_TIME_D3D4],23 juillet 1990
Aurore Merle,elle évite la
[DATE_TIME_56F2],fixés forfaitairement
Xavier Gaudin,Lorsque les frais de gestion se
Théophile Gaudin,cette déductibilité
"boulevard Perret, 58359 Vidal",France
"60, avenue Élodie Bourgeois, 21557 Sainte Stéphane",France
Mathilde Hamel,elle souhaite être exonéré
"118, chemin Blin, 64806 Bertrand",La
Hugues Lefèvre,d'un
"533, rue Anaïs Lévêque, 53267 Toussaint-sur-Mer",France
Xavier du Carpentier,d'un
Sylvie Moulin,barème progressif
Raymond Merle,de toute nature et de l'abattement de 40 %
Pauline Laroche-Hamon,d'un
Benjamin Weber,progressif de l'impôt sur le revenu après application
"925, chemin de Collet, 87714 Perrin",France
Dorothée Lebrun de Loiseau,en principe
"chemin de Mercier, 20664 Bazin-sur-Marin",France
"77, avenue Marie Cousin, 14319 Renaud-les-Bains",La société nouvellement créée serait une Société
Maggie de la Charles,Malte ou Chypre
Alexandria Le Gall,c'est pour cette raison
"5, chemin Océane Boucher, 58543 Sainte Julie",Luxembourg
Élodie Fernandes,sous réserve du respect de certaines conditions
Vincent-Julien Collet,loi ne contienne rien en ce sens
[DATE_TIME_49F0],2013
Camille Bruneau,passibles de l'impôt sur les sociétés
Margaret-Nath Vallée,pas considérées comme «
"37, rue de Guillot, 64669 Saint Noël",il s'agit de sociétés ordinaires et non pas de sociétés bénéficiant
"83, rue de Gomez, 14738 Sainte Astridnec",Luxembourg
"411, rue de Seguin, 02723 Giraud",Les SOPARFI
Bernadette Langlois,qu'elle soit pleinement imposable à un
"boulevard Victoire Blanchard, 17241 Maillard",Luxembourg
Laetitia Le Reynaud,la SOPARFI
"52, chemin de Gauthier, 82981 Leduc",dès l'acquisition
Théophile-Zacharie Barbe,Lorsque ces
Maggie Colas,boni de liquidation et les
Monique Fischer,sous réserve
"73, boulevard Laporte, 81704 Albert-sur-Bègue",qu'elle soit
[DATE_TIME_BB0E],12 mois
"581, rue de Prévost, 33569 Olivier",le jeu des
Eugène Gomes-Caron,Lorsque la SOPARFI
Joséphine de Descamps,d'un
David Collin,d'un impôt
Zacharie Rodrigues,État de résidence
[NRP_F3EA],dans
Nicole Leroy-Munoz,être passible
Lucas Grondin de Muller,jour de détention si
"avenue Léger, 97322 Potier-sur-Berthelot",Belgique
Aimée Bigot,pas exclues du champ d'application des
"1, rue Valentin, 56702 Pasquier",qu'aucune
"rue Lacombe, 06946 Brunet",une SOPARFI est
Chantal Techer,elle doit être soumise à un
Philippe de la Mercier,mais peut être satisfaite par la suite
[DATE_TIME_10A5],2013
Pierre Lemaire,Seule une
Gérard Navarro,d'un
Aurélie Meunier,pour que l'exonération soit
Christophe Martineau,Elle
Robert Joseph,avec l'ancien précompte français
"rue Rocher, 97214 Reynaud-sur-Dumas",Belgique
"84, chemin Arnaude Bègue, 10109 Thibaultnec",la
Gilles Mercier-Chauvin,bien entendu
"82, rue Bodin, 97442 Lebrunnec",mais l'impôt
"83, avenue Morvan, 25867 CourtoisVille",pas l'imposition de la société sur les bénéfices qui
"56, boulevard Roussel, 60393 BouchetVille",la dilution de la
"97, rue Jérôme Chevallier, 23285 Barre",la
"chemin Gonzalez, 18480 Lecoq",ne s'agit
"83, rue Rocher, 88670 Allard-la-Forêt",La
Alexandre Gimenez,qu'elle perçoit en provenance de ses filiales
"avenue Boutin, 15862 Raynaud",la
Cécile Toussaint,prêteur lui-même
Luc Maurice-Robin,mais aussi les
Anne Salmon,les Pays-Bas
Claire Fernandez,comme résidente
"45, chemin Leclerc, 55493 Fischer-sur-Marchand",la
"954, rue Victoire Perez, 89155 Perret",mais l'impôt
Alexandre Adam,pour les 4
Thérèse Ferreira,Dubaï
"26, boulevard de Gilles, 74161 Leducdan",Hong Kong
Claude Martin,Maurice
Frédérique Lenoir,Singapour
Gabrielle Torres de la Le Gall,la SASU
Benoît Fernandes,du Chiffre
Alphonse Marques,Le Chiffre
Manon Le Voisin,Le Chiffre
"86, rue Gillet, 85951 Saint Victoire-sur-Mer",Hong Kong
Louise Chevallier,remontés vers
"67, chemin Arthur Julien, 27234 Deschamps",Hong Kong
Zoé Diallo,SASU
"avenue Cécile Traore, 09510 Legrand-sur-Mer",Uni
Patrick du Mahe,Aussi
Dorothée Duval,Enfin
Suzanne Lamy-Pelletier,tout transfert de données financières
